{
  "hash": "4b436a69",
  "configHash": "ed6df7d3",
  "lockfileHash": "c2d82344",
  "browserHash": "1b097f62",
  "optimized": {
    "@angular/common": {
      "src": "../../../../../../node_modules/@angular/common/fesm2022/common.mjs",
      "file": "@angular_common.js",
      "fileHash": "e63e0981",
      "needsInterop": false
    },
    "@angular/common/http": {
      "src": "../../../../../../node_modules/@angular/common/fesm2022/http.mjs",
      "file": "@angular_common_http.js",
      "fileHash": "cfe67388",
      "needsInterop": false
    },
    "@angular/core": {
      "src": "../../../../../../node_modules/@angular/core/fesm2022/core.mjs",
      "file": "@angular_core.js",
      "fileHash": "f959bafa",
      "needsInterop": false
    },
    "@angular/forms": {
      "src": "../../../../../../node_modules/@angular/forms/fesm2022/forms.mjs",
      "file": "@angular_forms.js",
      "fileHash": "8b3696fd",
      "needsInterop": false
    },
    "@angular/platform-browser": {
      "src": "../../../../../../node_modules/@angular/platform-browser/fesm2022/platform-browser.mjs",
      "file": "@angular_platform-browser.js",
      "fileHash": "b2ffe162",
      "needsInterop": false
    },
    "@angular/router": {
      "src": "../../../../../../node_modules/@angular/router/fesm2022/router.mjs",
      "file": "@angular_router.js",
      "fileHash": "3c743547",
      "needsInterop": false
    }
  },
  "chunks": {
    "chunk-ALFMVNFK": {
      "file": "chunk-ALFMVNFK.js"
    },
    "chunk-L25X6HFJ": {
      "file": "chunk-L25X6HFJ.js"
    },
    "chunk-JLFEXSMZ": {
      "file": "chunk-JLFEXSMZ.js"
    },
    "chunk-XPARGKCT": {
      "file": "chunk-XPARGKCT.js"
    }
  }
}